observation_date,DEXINUS
2017-06-01,64.3900
2017-06-02,64.4100
2017-06-05,64.3400
2017-06-06,64.4200
2017-06-07,64.3900
2017-06-08,64.2400
2017-06-09,64.2400
2017-06-12,64.4800
2017-06-13,64.3300
2017-06-14,64.2300
2017-06-15,64.5800
2017-06-16,64.5000
2017-06-19,64.4500
2017-06-20,64.5400
2017-06-21,64.5200
2017-06-22,64.6000
2017-06-23,64.4700
2017-06-26,64.4300
2017-06-27,64.4700
2017-06-28,64.5500
2017-06-29,64.6600
2017-06-30,64.6200
2017-07-03,64.8400
2017-07-04,
2017-07-05,64.8000
2017-07-06,64.7200
2017-07-07,64.6200
2017-07-10,64.4500
2017-07-11,64.5400
2017-07-12,64.5300
2017-07-13,64.4600
2017-07-14,64.3800
2017-07-17,64.3400
2017-07-18,64.3200
2017-07-19,64.2400
2017-07-20,64.3700
2017-07-21,64.3800
2017-07-24,64.3900
2017-07-25,64.3800
2017-07-26,64.3200
2017-07-27,64.1100
2017-07-28,64.1100
2017-07-31,64.1800
2017-08-01,64.0600
2017-08-02,63.6400
2017-08-03,63.6700
2017-08-04,63.6400
2017-08-07,63.8300
2017-08-08,63.6900
2017-08-09,63.8600
2017-08-10,64.0500
2017-08-11,64.1400
2017-08-14,64.0800
2017-08-15,64.1200
2017-08-16,64.1600
2017-08-17,64.1500
2017-08-18,64.1000
2017-08-21,64.1000
2017-08-22,64.0700
2017-08-23,64.0400
2017-08-24,64.0400
2017-08-25,64.0000
2017-08-28,63.9000
2017-08-29,64.0200
2017-08-30,63.9800
2017-08-31,63.9300
2017-09-01,64.0200
2017-09-04,
2017-09-05,64.1200
2017-09-06,64.0600
2017-09-07,64.0100
2017-09-08,63.7800
2017-09-11,63.9300
2017-09-12,64.0300
2017-09-13,64.0000
2017-09-14,64.1200
2017-09-15,64.1000
2017-09-18,64.1500
2017-09-19,64.3000
2017-09-20,64.2900
2017-09-21,64.8000
2017-09-22,64.7900
2017-09-25,65.1200
2017-09-26,65.4600
2017-09-27,65.7100
2017-09-28,65.4600
2017-09-29,65.3000
2017-10-02,65.2800
2017-10-03,65.4800
2017-10-04,65.0200
2017-10-05,65.1400
2017-10-06,65.3900
2017-10-09,
2017-10-10,65.2400
2017-10-11,65.1500
2017-10-12,65.0500
2017-10-13,64.7000
2017-10-16,64.7000
2017-10-17,65.0200
2017-10-18,65.0600
2017-10-19,64.9900
2017-10-20,65.0300
2017-10-23,65.0200
2017-10-24,65.1000
2017-10-25,64.9200
2017-10-26,64.8400
2017-10-27,65.0400
2017-10-30,64.8300
2017-10-31,64.7500
2017-11-01,64.5600
2017-11-02,64.5700
2017-11-03,64.5600
2017-11-06,64.6200
2017-11-07,65.0300
2017-11-08,64.9400
2017-11-09,64.9600
2017-11-10,
2017-11-13,65.4600
2017-11-14,65.4100
2017-11-15,65.2600
2017-11-16,65.3200
2017-11-17,65.0100
2017-11-20,65.1000
2017-11-21,64.9100
2017-11-22,64.8700
2017-11-23,
2017-11-24,64.6700
2017-11-27,64.4700
2017-11-28,64.4000
2017-11-29,64.2900
2017-11-30,64.4600
2017-12-01,64.5000
2017-12-04,64.3600
2017-12-05,64.3800
2017-12-06,64.5300
2017-12-07,64.5700
2017-12-08,64.4300
2017-12-11,64.3500
2017-12-12,64.3900
2017-12-13,64.4500
2017-12-14,64.3600
2017-12-15,64.0400
2017-12-18,64.2300
2017-12-19,64.0200
2017-12-20,64.1100
2017-12-21,64.0200
2017-12-22,64.0200
2017-12-25,
2017-12-26,64.0800
2017-12-27,64.1500
2017-12-28,64.0700
2017-12-29,63.8300
2018-01-01,
2018-01-02,63.4600
2018-01-03,63.5000
2018-01-04,63.4000
2018-01-05,63.3800
2018-01-08,63.4800
2018-01-09,63.6600
2018-01-10,63.5800
2018-01-11,63.6500
2018-01-12,63.6100
2018-01-15,
2018-01-16,64.0100
2018-01-17,63.8800
2018-01-18,63.8700
2018-01-19,63.8400
2018-01-22,63.8800
2018-01-23,63.7600
2018-01-24,63.6900
2018-01-25,63.5200
2018-01-26,63.5800
2018-01-29,63.5700
2018-01-30,63.6500
2018-01-31,63.5800
2018-02-01,63.9700
2018-02-02,64.1100
2018-02-05,64.0600
2018-02-06,64.2300
2018-02-07,64.2300
2018-02-08,64.2700
2018-02-09,64.3700
2018-02-12,64.2900
2018-02-13,64.2700
2018-02-14,64.1000
2018-02-15,63.9300
2018-02-16,64.2100
2018-02-19,
2018-02-20,64.8300
2018-02-21,64.7600
2018-02-22,65.0100
2018-02-23,64.7100
2018-02-26,64.7800
2018-02-27,64.8400
2018-02-28,65.2000
2018-03-01,65.2000
2018-03-02,65.2400
2018-03-05,65.0600
2018-03-06,64.9000
2018-03-07,64.8600
2018-03-08,65.1500
2018-03-09,65.1200
2018-03-12,65.0000
2018-03-13,64.8500
2018-03-14,64.8400
2018-03-15,64.9400
2018-03-16,64.9700
2018-03-19,65.2100
2018-03-20,65.1900
2018-03-21,65.2000
2018-03-22,65.1000
2018-03-23,64.9800
2018-03-26,64.8300
2018-03-27,64.9800
2018-03-28,65.1500
2018-03-29,65.1200
2018-03-30,65.1100
2018-04-02,65.1100
2018-04-03,65.0000
2018-04-04,65.0800
2018-04-05,64.9200
2018-04-06,64.9500
2018-04-09,64.9500
2018-04-10,64.9500
2018-04-11,65.2600
2018-04-12,65.2800
2018-04-13,65.2700
2018-04-16,65.4600
2018-04-17,65.6600
2018-04-18,65.6200
2018-04-19,65.7900
2018-04-20,66.1500
2018-04-23,66.4200
2018-04-24,66.3600
2018-04-25,66.9200
2018-04-26,66.8000
2018-04-27,66.6800
2018-04-30,66.5000
2018-05-01,66.5200
2018-05-02,66.7100
2018-05-03,66.6800
2018-05-04,66.8300
2018-05-07,67.1300
2018-05-08,67.1200
2018-05-09,67.2500
2018-05-10,67.2400
2018-05-11,67.2800
2018-05-14,67.5500
2018-05-15,68.0700
2018-05-16,67.7700
2018-05-17,67.7600
2018-05-18,68.0400
2018-05-21,68.1100
2018-05-22,68.0400
2018-05-23,68.3800
2018-05-24,68.3200
2018-05-25,67.7800
2018-05-28,
2018-05-29,67.7800
2018-05-30,67.4600
2018-05-31,67.4000
2018-06-01,66.9900
2018-06-04,67.0500
2018-06-05,67.1200
2018-06-06,66.8700
2018-06-07,67.2000
2018-06-08,67.5600
2018-06-11,67.4600
2018-06-12,67.4800
2018-06-13,67.6000
2018-06-14,67.6200
2018-06-15,68.0600
2018-06-18,68.1000
2018-06-19,68.3000
2018-06-20,68.0600
2018-06-21,67.9400
2018-06-22,67.8800
2018-06-25,68.0900
2018-06-26,68.3100
2018-06-27,68.6300
2018-06-28,68.8100
2018-06-29,68.4600
2018-07-02,68.7800
2018-07-03,68.5800
2018-07-04,
2018-07-05,68.8900
2018-07-06,68.8000
2018-07-09,68.6600
2018-07-10,68.7600
2018-07-11,68.7000
2018-07-12,68.5200
2018-07-13,68.4400
2018-07-16,68.6000
2018-07-17,68.4200
2018-07-18,68.6200
2018-07-19,69.0100
2018-07-20,68.7400
2018-07-23,68.8400
2018-07-24,68.9400
2018-07-25,68.7200
2018-07-26,68.6600
2018-07-27,68.6000
2018-07-30,68.6000
2018-07-31,68.5400
2018-08-01,68.3700
2018-08-02,68.6300
2018-08-03,68.5400
2018-08-06,68.8200
2018-08-07,68.6200
2018-08-08,68.6500
2018-08-09,68.7400
2018-08-10,68.8800
2018-08-13,70.0200
2018-08-14,69.9500
2018-08-15,69.9200
2018-08-16,70.1900
2018-08-17,70.0900
2018-08-20,69.8400
2018-08-21,69.8500
2018-08-22,69.8500
2018-08-23,70.0900
2018-08-24,69.9600
2018-08-27,70.1600
2018-08-28,70.0900
2018-08-29,70.5300
2018-08-30,70.7400
2018-08-31,71.0000
2018-09-03,
2018-09-04,71.5800
2018-09-05,71.7500
2018-09-06,71.9400
2018-09-07,71.7800
2018-09-10,72.4500
2018-09-11,72.6900
2018-09-12,72.1500
2018-09-13,72.0200
2018-09-14,71.8700
2018-09-17,72.5100
2018-09-18,72.9800
2018-09-19,72.3500
2018-09-20,72.0100
2018-09-21,72.1800
2018-09-24,72.6600
2018-09-25,72.6800
2018-09-26,72.5900
2018-09-27,72.5500
2018-09-28,72.5400
2018-10-01,72.9200
2018-10-02,72.9100
2018-10-03,73.3400
2018-10-04,73.6200
2018-10-05,73.7600
2018-10-08,
2018-10-09,74.3300
2018-10-10,74.2500
2018-10-11,74.0400
2018-10-12,73.6000
2018-10-15,73.7600
2018-10-16,73.4600
2018-10-17,73.5200
2018-10-18,73.5200
2018-10-19,73.3700
2018-10-22,73.5600
2018-10-23,73.5400
2018-10-24,73.1800
2018-10-25,73.2100
2018-10-26,73.4600
2018-10-29,73.4200
2018-10-30,73.6200
2018-10-31,73.9500
2018-11-01,73.4500
2018-11-02,72.4400
2018-11-05,73.0800
2018-11-06,72.9500
2018-11-07,72.4400
2018-11-08,72.3700
2018-11-09,72.4800
2018-11-12,
2018-11-13,72.6100
2018-11-14,72.3000
2018-11-15,71.9700
2018-11-16,71.9800
2018-11-19,71.6000
2018-11-20,71.4900
2018-11-21,71.3000
2018-11-22,
2018-11-23,70.6500
2018-11-26,70.8100
2018-11-27,70.8000
2018-11-28,70.6300
2018-11-29,69.7900
2018-11-30,69.6200
2018-12-03,70.4000
2018-12-04,70.5200
2018-12-05,
2018-12-06,70.8400
2018-12-07,70.8500
2018-12-10,72.4360
2018-12-11,72.2700
2018-12-12,71.7900
2018-12-13,71.5200
2018-12-14,71.9400
2018-12-17,71.6000
2018-12-18,70.6100
2018-12-19,70.2600
2018-12-20,69.9600
2018-12-21,70.0900
2018-12-24,
2018-12-25,
2018-12-26,70.0700
2018-12-27,70.3400
2018-12-28,69.9200
2018-12-31,69.5800
2019-01-01,
2019-01-02,70.0200
2019-01-03,70.1200
2019-01-04,69.6300
2019-01-07,69.7800
2019-01-08,70.1100
2019-01-09,70.4200
2019-01-10,70.4300
2019-01-11,70.3800
2019-01-14,
2019-01-15,71.0000
2019-01-16,70.9700
2019-01-17,71.0900
2019-01-18,71.2100
2019-01-21,
2019-01-22,71.2300
2019-01-23,71.2100
2019-01-24,71.0200
2019-01-25,70.9400
2019-01-28,71.0600
2019-01-29,71.4000
2019-01-30,71.2400
2019-01-31,70.9400
2019-02-01,71.4100
2019-02-04,71.6600
2019-02-05,71.5200
2019-02-06,71.5500
2019-02-07,71.3000
2019-02-08,71.2300
2019-02-11,71.1500
2019-02-12,70.5600
2019-02-13,70.8600
2019-02-14,71.1800
2019-02-15,71.3600
2019-02-18,
2019-02-19,71.3100
2019-02-20,
2019-02-21,71.1500
2019-02-22,71.0700
2019-02-25,70.8200
2019-02-26,71.0200
2019-02-27,71.1500
2019-02-28,70.8300
2019-03-01,70.9000
2019-03-04,70.9100
2019-03-05,70.5500
2019-03-06,70.0200
2019-03-07,70.0900
2019-03-08,70.0000
2019-03-11,69.8200
2019-03-12,69.6200
2019-03-13,69.5200
2019-03-14,69.3300
2019-03-15,68.9400
2019-03-18,68.6000
2019-03-19,69.0200
2019-03-20,68.8500
2019-03-21,68.7200
2019-03-22,69.0100
2019-03-25,68.8800
2019-03-26,68.9800
2019-03-27,69.1300
2019-03-28,69.2300
2019-03-29,69.1600
2019-04-01,69.1800
2019-04-02,68.9100
2019-04-03,68.5800
2019-04-04,69.0300
2019-04-05,69.1100
2019-04-08,69.5600
2019-04-09,69.2800
2019-04-10,69.1200
2019-04-11,68.9700
2019-04-12,69.2100
2019-04-15,69.3800
2019-04-16,69.5100
2019-04-17,69.4300
2019-04-18,69.4200
2019-04-19,69.3700
2019-04-22,69.6400
2019-04-23,69.7800
2019-04-24,69.9100
2019-04-25,70.1900
2019-04-26,69.9300
2019-04-29,69.8000
2019-04-30,69.6400
2019-05-01,69.5200
2019-05-02,69.4000
2019-05-03,69.0800
2019-05-06,69.4000
2019-05-07,69.6200
2019-05-08,69.7300
2019-05-09,70.2100
2019-05-10,70.0200
2019-05-13,70.6200
2019-05-14,70.3000
2019-05-15,70.2200
2019-05-16,70.0800
2019-05-17,70.2800
2019-05-20,69.5900
2019-05-21,69.6100
2019-05-22,69.7100
2019-05-23,69.6600
2019-05-24,69.3700
2019-05-27,
2019-05-28,69.5600
2019-05-29,69.8000
2019-05-30,69.8100
2019-05-31,69.6300
2019-06-03,69.1500
2019-06-04,69.2800
2019-06-05,69.4100
2019-06-06,69.2100
2019-06-07,69.3200
2019-06-10,69.4900
2019-06-11,69.4200
2019-06-12,69.3500
2019-06-13,69.5300
2019-06-14,69.8100
2019-06-17,69.8300
2019-06-18,69.6000
2019-06-19,69.6400
2019-06-20,69.4400
2019-06-21,69.5900
2019-06-24,69.3200
2019-06-25,69.2600
2019-06-26,69.1800
2019-06-27,69.0100
2019-06-28,68.9200
2019-07-01,68.8700
2019-07-02,68.8700
2019-07-03,68.7900
2019-07-04,
2019-07-05,68.4800
2019-07-08,68.5500
2019-07-09,68.5400
2019-07-10,68.4000
2019-07-11,68.4000
2019-07-12,68.5700
2019-07-15,68.5200
2019-07-16,68.6600
2019-07-17,68.8400
2019-07-18,68.8500
2019-07-19,68.8200
2019-07-22,68.8900
2019-07-23,68.9900
2019-07-24,68.9400
2019-07-25,69.0300
2019-07-26,68.8900
2019-07-29,68.7300
2019-07-30,68.8200
2019-07-31,68.8100
2019-08-01,69.0000
2019-08-02,69.6500
2019-08-05,70.8000
2019-08-06,70.9000
2019-08-07,71.1800
2019-08-08,70.6200
2019-08-09,70.9100
2019-08-12,71.2700
2019-08-13,71.4100
2019-08-14,71.2700
2019-08-15,71.7900
2019-08-16,71.1500
2019-08-19,71.4400
2019-08-20,71.5400
2019-08-21,71.4300
2019-08-22,71.9000
2019-08-23,71.4900
2019-08-26,72.0200
2019-08-27,71.5200
2019-08-28,71.7500
2019-08-29,71.6700
2019-08-30,71.4500
2019-09-02,
2019-09-03,72.2000
2019-09-04,72.1100
2019-09-05,71.8400
2019-09-06,71.6800
2019-09-09,71.6600
2019-09-10,71.8900
2019-09-11,71.6200
2019-09-12,70.9100
2019-09-13,71.0000
2019-09-16,71.5300
2019-09-17,71.4700
2019-09-18,71.1600
2019-09-19,71.3100
2019-09-20,71.0500
2019-09-23,70.7900
2019-09-24,70.9400
2019-09-25,71.0000
2019-09-26,70.9300
2019-09-27,70.4900
2019-09-30,70.6400
2019-10-01,71.1100
2019-10-02,71.1700
2019-10-03,71.0300
2019-10-04,70.8600
2019-10-07,70.9700
2019-10-08,71.2100
2019-10-09,71.0900
2019-10-10,70.9800
2019-10-11,70.9100
2019-10-14,
2019-10-15,71.4800
2019-10-16,71.3700
2019-10-17,71.0900
2019-10-18,71.0700
2019-10-21,70.9000
2019-10-22,70.8100
2019-10-23,70.8100
2019-10-24,71.0100
2019-10-25,70.7800
2019-10-28,70.7100
2019-10-29,70.8600
2019-10-30,70.9600
2019-10-31,71.0100
2019-11-01,70.7600
2019-11-04,70.7900
2019-11-05,70.8100
2019-11-06,70.9600
2019-11-07,71.0400
2019-11-08,71.3500
2019-11-11,
2019-11-12,71.7500
2019-11-13,72.1200
2019-11-14,71.9900
2019-11-15,71.6000
2019-11-18,71.9000
2019-11-19,71.8600
2019-11-20,71.7400
2019-11-21,71.7500
2019-11-22,71.7600
2019-11-25,71.6900
2019-11-26,71.5100
2019-11-27,71.2600
2019-11-28,
2019-11-29,71.7500
2019-12-02,71.6500
2019-12-03,71.7000
2019-12-04,71.4700
2019-12-05,71.2600
2019-12-06,71.2600
2019-12-09,71.0200
2019-12-10,70.8400
2019-12-11,70.7300
2019-12-12,70.6200
2019-12-13,70.8000
2019-12-16,70.8900
2019-12-17,71.0400
2019-12-18,70.9700
2019-12-19,71.1100
2019-12-20,71.0700
2019-12-23,71.2400
2019-12-24,71.2300
2019-12-25,
2019-12-26,71.2800
2019-12-27,71.4500
2019-12-30,71.3000
2019-12-31,71.3600
2020-01-01,
2020-01-02,71.3400
2020-01-03,71.7600
2020-01-06,71.8600
2020-01-07,71.8400
2020-01-08,71.5100
2020-01-09,71.1600
2020-01-10,70.9400
2020-01-13,70.7400
2020-01-14,70.8500
2020-01-15,70.6900
2020-01-16,70.9500
2020-01-17,71.0800
2020-01-20,
2020-01-21,71.1700
2020-01-22,71.0700
2020-01-23,71.4500
2020-01-24,71.3100
2020-01-27,71.4500
2020-01-28,71.2400
2020-01-29,71.3500
2020-01-30,71.5700
2020-01-31,71.5300
2020-02-03,71.3200
2020-02-04,71.1100
2020-02-05,71.1900
2020-02-06,71.1900
2020-02-07,71.4700
2020-02-10,71.2800
2020-02-11,71.2500
2020-02-12,71.2900
2020-02-13,71.2700
2020-02-14,71.5200
2020-02-17,
2020-02-18,71.5600
2020-02-19,71.5500
2020-02-20,71.6700
2020-02-21,71.9000
2020-02-24,71.9200
2020-02-25,71.8100
2020-02-26,71.5800
2020-02-27,71.6500
2020-02-28,72.5300
2020-03-02,72.8800
2020-03-03,73.0300
2020-03-04,73.4900
2020-03-05,73.5000
2020-03-06,74.0000
2020-03-09,74.2100
2020-03-10,74.1500
2020-03-11,73.6800
2020-03-12,74.2500
2020-03-13,73.8600
2020-03-16,74.0100
2020-03-17,74.2600
2020-03-18,74.5500
2020-03-19,74.7800
2020-03-20,75.3100
2020-03-23,76.2900
2020-03-24,76.3700
2020-03-25,76.3600
2020-03-26,74.8900
2020-03-27,75.4700
2020-03-30,75.3300
2020-03-31,75.3900
2020-04-01,76.4000
2020-04-02,76.3400
2020-04-03,76.2400
2020-04-06,75.9500
2020-04-07,75.6400
2020-04-08,75.9600
2020-04-09,76.3000
2020-04-10,75.8700
2020-04-13,76.2500
2020-04-14,76.1100
2020-04-15,76.5600
2020-04-16,76.7500
2020-04-17,76.5600
2020-04-20,76.5600
2020-04-21,76.9500
2020-04-22,76.4400
2020-04-23,75.8400
2020-04-24,76.2600
2020-04-27,76.2300
2020-04-28,75.9600
2020-04-29,75.4500
2020-04-30,75.0800
2020-05-01,75.7500
2020-05-04,75.6400
2020-05-05,75.7200
2020-05-06,76.0800
2020-05-07,75.7800
2020-05-08,75.5800
2020-05-11,75.8700
2020-05-12,75.0300
2020-05-13,75.3300
2020-05-14,75.4800
2020-05-15,75.8200
2020-05-18,75.7400
2020-05-19,75.6700
2020-05-20,75.4700
2020-05-21,75.6300
2020-05-22,75.9900
2020-05-25,
2020-05-26,75.4300
2020-05-27,75.8800
2020-05-28,75.6700
2020-05-29,75.5900
2020-06-01,75.5600
2020-06-02,75.0300
2020-06-03,75.3200
2020-06-04,75.4300
2020-06-05,75.6100
2020-06-08,75.4400
2020-06-09,75.4400
2020-06-10,75.6500
2020-06-11,75.9700
2020-06-12,76.0300
2020-06-15,75.9700
2020-06-16,76.1900
2020-06-17,76.2500
2020-06-18,76.3200
2020-06-19,76.2100
2020-06-22,75.7600
2020-06-23,75.4800
2020-06-24,75.6500
2020-06-25,75.5800
2020-06-26,75.6300
2020-06-29,75.5200
2020-06-30,75.5300
2020-07-01,75.5000
2020-07-02,74.7800
2020-07-03,
2020-07-06,74.6200
2020-07-07,74.8100
2020-07-08,74.9400
2020-07-09,75.1200
2020-07-10,75.1400
2020-07-13,75.1600
2020-07-14,75.3800
2020-07-15,75.1100
2020-07-16,75.1100
2020-07-17,74.9300
2020-07-20,74.7700
2020-07-21,74.5400
2020-07-22,74.5600
2020-07-23,74.8100
2020-07-24,74.7700
2020-07-27,74.7700
2020-07-28,74.9100
2020-07-29,74.9200
2020-07-30,74.8800
2020-07-31,74.9000
2020-08-03,75.2000
2020-08-04,75.0600
2020-08-05,74.8000
2020-08-06,74.8700
2020-08-07,75.0400
2020-08-10,74.9100
2020-08-11,74.6100
2020-08-12,74.7300
2020-08-13,74.8100
2020-08-14,74.8700
2020-08-17,74.7400
2020-08-18,74.6200
2020-08-19,74.8500
2020-08-20,75.0100
2020-08-21,74.9200
2020-08-24,74.1700
2020-08-25,74.2000
2020-08-26,74.2200
2020-08-27,73.8900
2020-08-28,73.1100
2020-08-31,73.2500
2020-09-01,73.0000
2020-09-02,73.2700
2020-09-03,73.3900
2020-09-04,73.2900
2020-09-07,
2020-09-08,73.7800
2020-09-09,73.3800
2020-09-10,73.4300
2020-09-11,73.4500
2020-09-14,73.4200
2020-09-15,73.5700
2020-09-16,73.5400
2020-09-17,73.6000
2020-09-18,73.5400
2020-09-21,73.5800
2020-09-22,73.5000
2020-09-23,73.5300
2020-09-24,73.9000
2020-09-25,73.7100
2020-09-28,73.7900
2020-09-29,73.7800
2020-09-30,73.5400
2020-10-01,73.1800
2020-10-02,73.3500
2020-10-05,73.0900
2020-10-06,73.4000
2020-10-07,73.2800
2020-10-08,73.3300
2020-10-09,72.9800
2020-10-12,
2020-10-13,73.4500
2020-10-14,73.2400
2020-10-15,73.4800
2020-10-16,73.4200
2020-10-19,73.3100
2020-10-20,73.4700
2020-10-21,73.6200
2020-10-22,73.6500
2020-10-23,73.8600
2020-10-26,73.9300
2020-10-27,73.6200
2020-10-28,74.1900
2020-10-29,74.4200
2020-10-30,74.5900
2020-11-02,74.5100
2020-11-03,74.6100
2020-11-04,74.3600
2020-11-05,73.9300
2020-11-06,73.9600
2020-11-09,74.0300
2020-11-10,74.3100
2020-11-11,
2020-11-12,74.6300
2020-11-13,74.5600
2020-11-16,74.4100
2020-11-17,74.4200
2020-11-18,74.1000
2020-11-19,74.1600
2020-11-20,74.1200
2020-11-23,74.2100
2020-11-24,74.0800
2020-11-25,73.7500
2020-11-26,
2020-11-27,
2020-11-30,74.0100
2020-12-01,73.5100
2020-12-02,73.7200
2020-12-03,73.8000
2020-12-04,73.7800
2020-12-07,73.8300
2020-12-08,73.6800
2020-12-09,73.7100
2020-12-10,73.7200
2020-12-11,73.7300
2020-12-14,73.6400
2020-12-15,73.5600
2020-12-16,73.6500
2020-12-17,73.5300
2020-12-18,73.5300
2020-12-21,74.0300
2020-12-22,73.8500
2020-12-23,73.7700
2020-12-24,
2020-12-25,
2020-12-28,73.5000
2020-12-29,73.3300
2020-12-30,73.1300
2020-12-31,73.0100
2021-01-01,
2021-01-04,73.0800
2021-01-05,73.1500
2021-01-06,73.1500
2021-01-07,73.4300
2021-01-08,73.3100
2021-01-11,73.5000
2021-01-12,73.2600
2021-01-13,73.0700
2021-01-14,73.1100
2021-01-15,73.0800
2021-01-18,
2021-01-19,73.2000
2021-01-20,
2021-01-21,72.9600
2021-01-22,72.9800
2021-01-25,73.0100
2021-01-26,72.9000
2021-01-27,73.0500
2021-01-28,72.9100
2021-01-29,72.8400
2021-02-01,73.1100
2021-02-02,72.9500
2021-02-03,72.8400
2021-02-04,72.9300
2021-02-05,72.8500
2021-02-08,72.9000
2021-02-09,72.8300
2021-02-10,72.8200
2021-02-11,72.6900
2021-02-12,72.6000
2021-02-15,
2021-02-16,72.8600
2021-02-17,72.8100
2021-02-18,72.6500
2021-02-19,72.5000
2021-02-22,72.4800
2021-02-23,72.4400
2021-02-24,72.3800
2021-02-25,72.7400
2021-02-26,73.9200
2021-03-01,73.4000
2021-03-02,73.2900
2021-03-03,72.8500
2021-03-04,72.7300
2021-03-05,73.2100
2021-03-08,73.3200
2021-03-09,72.8900
2021-03-10,72.8600
2021-03-11,72.6900
2021-03-12,72.7100
2021-03-15,72.5800
2021-03-16,72.5200
2021-03-17,72.5600
2021-03-18,72.6300
2021-03-19,72.4500
2021-03-22,72.3700
2021-03-23,72.5200
2021-03-24,72.5900
2021-03-25,72.6900
2021-03-26,72.6500
2021-03-29,72.7500
2021-03-30,73.4500
2021-03-31,73.1400
2021-04-01,73.3200
2021-04-02,73.3700
2021-04-05,73.2900
2021-04-06,73.4900
2021-04-07,74.3500
2021-04-08,74.5700
2021-04-09,74.7200
2021-04-12,75.0300
2021-04-13,75.2700
2021-04-14,75.0700
2021-04-15,74.8100
2021-04-16,74.4800
2021-04-19,74.8700
2021-04-20,75.3800
2021-04-21,75.4200
2021-04-22,75.1100
2021-04-23,74.9700
2021-04-26,74.7500
2021-04-27,74.5800
2021-04-28,74.4900
2021-04-29,74.0700
2021-04-30,74.0000
2021-05-03,73.8200
2021-05-04,73.8000
2021-05-05,73.8100
2021-05-06,73.6400
2021-05-07,73.2700
2021-05-10,73.4100
2021-05-11,73.3900
2021-05-12,73.5300
2021-05-13,73.4800
2021-05-14,73.2300
2021-05-17,73.3000
2021-05-18,73.0400
2021-05-19,73.2000
2021-05-20,73.0300
2021-05-21,72.8200
2021-05-24,72.8600
2021-05-25,72.7800
2021-05-26,72.7100
2021-05-27,72.5900
2021-05-28,72.4200
2021-05-31,
2021-06-01,72.8300
2021-06-02,72.9700
2021-06-03,73.0100
2021-06-04,72.8700
2021-06-07,72.8000
2021-06-08,72.9300
2021-06-09,72.9800
2021-06-10,73.1000
2021-06-11,73.2400
2021-06-14,73.1600
2021-06-15,73.3500
2021-06-16,73.3100
2021-06-17,74.1600
2021-06-18,74.1400
2021-06-21,74.1800
2021-06-22,74.3700
2021-06-23,74.1300
2021-06-24,74.1400
2021-06-25,74.1400
2021-06-28,74.2900
2021-06-29,74.2900
2021-06-30,74.3300
2021-07-01,74.5600
2021-07-02,74.5100
2021-07-05,
2021-07-06,74.5800
2021-07-07,74.8100
2021-07-08,74.7600
2021-07-09,74.5300
2021-07-12,74.5600
2021-07-13,74.5100
2021-07-14,74.5400
2021-07-15,74.5500
2021-07-16,74.6100
2021-07-19,74.8500
2021-07-20,74.6000
2021-07-21,74.4900
2021-07-22,74.4600
2021-07-23,74.4400
2021-07-26,74.3500
2021-07-27,74.5000
2021-07-28,74.5200
2021-07-29,74.2500
2021-07-30,74.3400
2021-08-02,74.3500
2021-08-03,74.2500
2021-08-04,74.1500
2021-08-05,74.1000
2021-08-06,74.1900
2021-08-09,74.3100
2021-08-10,74.5000
2021-08-11,74.2500
2021-08-12,74.3100
2021-08-13,74.2400
2021-08-16,74.1900
2021-08-17,74.3800
2021-08-18,74.2700
2021-08-19,74.3800
2021-08-20,74.3500
2021-08-23,74.1200
2021-08-24,74.1300
2021-08-25,74.2300
2021-08-26,74.1300
2021-08-27,73.4700
2021-08-30,73.2900
2021-08-31,72.9500
2021-09-01,72.9900
2021-09-02,72.9900
2021-09-03,72.9800
2021-09-06,
2021-09-07,73.4400
2021-09-08,73.8400
2021-09-09,73.5200
2021-09-10,73.5200
2021-09-13,73.5800
2021-09-14,73.6400
2021-09-15,73.4700
2021-09-16,73.5600
2021-09-17,73.6400
2021-09-20,73.6500
2021-09-21,73.7100
2021-09-22,73.8000
2021-09-23,73.7000
2021-09-24,73.8100
2021-09-27,73.8600
2021-09-28,74.2100
2021-09-29,74.2800
2021-09-30,74.1600
2021-10-01,74.1500
2021-10-04,74.4600
2021-10-05,74.5100
2021-10-06,74.8200
2021-10-07,74.8500
2021-10-08,75.0500
2021-10-11,
2021-10-12,75.4600
2021-10-13,75.3300
2021-10-14,75.1800
2021-10-15,74.9800
2021-10-18,75.3200
2021-10-19,75.0600
2021-10-20,74.8300
2021-10-21,74.8000
2021-10-22,74.8700
2021-10-25,75.0500
2021-10-26,74.9000
2021-10-27,75.0100
2021-10-28,74.7700
2021-10-29,75.0000
2021-11-01,74.8300
2021-11-02,74.6300
2021-11-03,74.5100
2021-11-04,74.5300
2021-11-05,74.2200
2021-11-08,73.9100
2021-11-09,74.1000
2021-11-10,74.2600
2021-11-11,
2021-11-12,74.4000
2021-11-15,74.3500
2021-11-16,74.4800
2021-11-17,74.2800
2021-11-18,74.2500
2021-11-19,74.2500
2021-11-22,74.3700
2021-11-23,74.4900
2021-11-24,74.5700
2021-11-25,
2021-11-26,74.8900
2021-11-29,75.1200
2021-11-30,75.1000
2021-12-01,74.8300
2021-12-02,74.8900
2021-12-03,75.2400
2021-12-06,75.3900
2021-12-07,75.4300
2021-12-08,75.4000
2021-12-09,75.5800
2021-12-10,75.6600
2021-12-13,75.7800
2021-12-14,75.9800
2021-12-15,76.3800
2021-12-16,76.1800
2021-12-17,75.9800
2021-12-20,75.8200
2021-12-21,75.6700
2021-12-22,75.4500
2021-12-23,75.0200
2021-12-24,
2021-12-27,74.9700
2021-12-28,74.6700
2021-12-29,74.5800
2021-12-30,74.3900
2021-12-31,
2022-01-03,74.3200
2022-01-04,74.5200
2022-01-05,74.3100
2022-01-06,74.4000
2022-01-07,74.2700
2022-01-10,74.0600
2022-01-11,73.8100
2022-01-12,73.7700
2022-01-13,73.9600
2022-01-14,74.0800
2022-01-17,
2022-01-18,74.5600
2022-01-19,74.3900
2022-01-20,74.3200
2022-01-21,74.2800
2022-01-24,74.7200
2022-01-25,74.7300
2022-01-26,74.8700
2022-01-27,75.1800
2022-01-28,75.0000
2022-01-31,74.6000
2022-02-01,74.7800
2022-02-02,74.7700
2022-02-03,74.7100
2022-02-04,74.6100
2022-02-07,74.6800
2022-02-08,74.7100
2022-02-09,74.8000
2022-02-10,75.0700
2022-02-11,75.3400
2022-02-14,75.6300
2022-02-15,75.2000
2022-02-16,75.0300
2022-02-17,75.0200
2022-02-18,74.6300
2022-02-21,
2022-02-22,74.6500
2022-02-23,74.6000
2022-02-24,75.6100
2022-02-25,75.0900
2022-02-28,75.4900
2022-03-01,75.7900
2022-03-02,75.6100
2022-03-03,75.9400
2022-03-04,76.4200
2022-03-07,76.9100
2022-03-08,77.0700
2022-03-09,76.3600
2022-03-10,76.3700
2022-03-11,76.4800
2022-03-14,76.4500
2022-03-15,76.4100
2022-03-16,76.1700
2022-03-17,75.9400
2022-03-18,76.0300
2022-03-21,76.1900
2022-03-22,76.0600
2022-03-23,76.4600
2022-03-24,76.1800
2022-03-25,76.2500
2022-03-28,76.0600
2022-03-29,75.5800
2022-03-30,75.7600
2022-03-31,75.8700
2022-04-01,75.9600
2022-04-04,75.4200
2022-04-05,75.3100
2022-04-06,75.9200
2022-04-07,75.9000
2022-04-08,75.9300
2022-04-11,75.8500
2022-04-12,76.0200
2022-04-13,76.1400
2022-04-14,76.1900
2022-04-15,76.3200
2022-04-18,76.2200
2022-04-19,76.3900
2022-04-20,76.2400
2022-04-21,76.2300
2022-04-22,76.4900
2022-04-25,76.7200
2022-04-26,76.6100
2022-04-27,76.6100
2022-04-28,76.6600
2022-04-29,76.4800
2022-05-02,76.4900
2022-05-03,76.4900
2022-05-04,76.2400
2022-05-05,76.5400
2022-05-06,76.9000
2022-05-09,77.4500
2022-05-10,77.3100
2022-05-11,77.2800
2022-05-12,77.3900
2022-05-13,77.4200
2022-05-16,77.8200
2022-05-17,77.4600
2022-05-18,77.7100
2022-05-19,77.4500
2022-05-20,77.7900
2022-05-23,77.5100
2022-05-24,77.5000
2022-05-25,77.5800
2022-05-26,77.6600
2022-05-27,77.5800
2022-05-30,
2022-05-31,77.5900
2022-06-01,77.5900
2022-06-02,77.4100
2022-06-03,77.5900
2022-06-06,77.8300
2022-06-07,77.6600
2022-06-08,77.6500
2022-06-09,77.8400
2022-06-10,78.0800
2022-06-13,78.0800
2022-06-14,78.0100
2022-06-15,78.1200
2022-06-16,78.0000
2022-06-17,78.0000
2022-06-20,
2022-06-21,78.0800
2022-06-22,78.2100
2022-06-23,78.1400
2022-06-24,78.2500
2022-06-27,78.4500
2022-06-28,78.9700
2022-06-29,78.9100
2022-06-30,79.0200
2022-07-01,78.8900
2022-07-04,
2022-07-05,79.2700
2022-07-06,79.0200
2022-07-07,79.1200
2022-07-08,79.2500
2022-07-11,79.4600
2022-07-12,79.4500
2022-07-13,79.6800
2022-07-14,79.9400
2022-07-15,79.7400
2022-07-18,79.9900
2022-07-19,79.8800
2022-07-20,79.9600
2022-07-21,79.8500
2022-07-22,79.8300
2022-07-25,79.7900
2022-07-26,79.8200
2022-07-27,79.9200
2022-07-28,79.6400
2022-07-29,79.3300
2022-08-01,78.9300
2022-08-02,78.4900
2022-08-03,79.1300
2022-08-04,79.2300
2022-08-05,79.3600
2022-08-08,79.5800
2022-08-09,79.6500
2022-08-10,79.0700
2022-08-11,79.5400
2022-08-12,79.6500
2022-08-15,79.4800
2022-08-16,79.3100
2022-08-17,79.4100
2022-08-18,79.6600
2022-08-19,79.8900
2022-08-22,79.8600
2022-08-23,79.8100
2022-08-24,79.8200
2022-08-25,79.9000
2022-08-26,79.8700
2022-08-29,79.9600
2022-08-30,79.6000
2022-08-31,79.4500
2022-09-01,79.6500
2022-09-02,79.7000
2022-09-05,
2022-09-06,79.8600
2022-09-07,79.8200
2022-09-08,79.7100
2022-09-09,79.6100
2022-09-12,79.3500
2022-09-13,79.4900
2022-09-14,79.4100
2022-09-15,79.8200
2022-09-16,79.6600
2022-09-19,79.7100
2022-09-20,79.7200
2022-09-21,79.9600
2022-09-22,81.0000
2022-09-23,81.1100
2022-09-26,81.6000
2022-09-27,81.6300
2022-09-28,81.6100
2022-09-29,81.5400
2022-09-30,81.3700
2022-10-03,81.5600
2022-10-04,81.4500
2022-10-05,81.5000
2022-10-06,82.0600
2022-10-07,82.3200
2022-10-10,
2022-10-11,82.2200
2022-10-12,82.2500
2022-10-13,82.2800
2022-10-14,82.2800
2022-10-17,82.1600
2022-10-18,82.2900
2022-10-19,82.9500
2022-10-20,82.6600
2022-10-21,82.5800
2022-10-24,82.6800
2022-10-25,82.4400
2022-10-26,82.7300
2022-10-27,82.3600
2022-10-28,82.3300
2022-10-31,82.7300
2022-11-01,82.6200
2022-11-02,82.7200
2022-11-03,82.7600
2022-11-04,82.0300
2022-11-07,81.9500
2022-11-08,81.2700
2022-11-09,81.2500
2022-11-10,80.7200
2022-11-11,
2022-11-14,80.9800
2022-11-15,80.9400
2022-11-16,81.4600
2022-11-17,81.6900
2022-11-18,81.7600
2022-11-21,81.6800
2022-11-22,81.6900
2022-11-23,81.7100
2022-11-24,
2022-11-25,81.7300
2022-11-28,81.6100
2022-11-29,81.6100
2022-11-30,81.4300
2022-12-01,81.1700
2022-12-02,81.4100
2022-12-05,81.7700
2022-12-06,82.4200
2022-12-07,82.3100
2022-12-08,82.2900
2022-12-09,82.4600
2022-12-12,82.6700
2022-12-13,82.4900
2022-12-14,82.5000
2022-12-15,82.7500
2022-12-16,82.7100
2022-12-19,82.6500
2022-12-20,82.5800
2022-12-21,82.8100
2022-12-22,82.9300
2022-12-23,82.8600
2022-12-26,
2022-12-27,82.8800
2022-12-28,82.7400
2022-12-29,82.8300
2022-12-30,82.7200
2023-01-02,
2023-01-03,82.8600
2023-01-04,82.7200
2023-01-05,82.5700
2023-01-06,82.7200
2023-01-09,82.3600
2023-01-10,81.6000
2023-01-11,81.6000
2023-01-12,81.1900
2023-01-13,81.3100
2023-01-16,
2023-01-17,81.5700
2023-01-18,81.3300
2023-01-19,81.2800
2023-01-20,80.9900
2023-01-23,81.4100
2023-01-24,81.5300
2023-01-25,81.4900
2023-01-26,81.5900
2023-01-27,81.5400
2023-01-30,81.4700
2023-01-31,81.6900
2023-02-01,81.7300
2023-02-02,82.0300
2023-02-03,82.2100
2023-02-06,82.7700
2023-02-07,82.8100
2023-02-08,82.6500
2023-02-09,82.4400
2023-02-10,82.4700
2023-02-13,82.7200
2023-02-14,82.8600
2023-02-15,82.7800
2023-02-16,82.7400
2023-02-17,82.7300
2023-02-20,
2023-02-21,82.8500
2023-02-22,82.7800
2023-02-23,82.5900
2023-02-24,82.9700
2023-02-27,82.6900
2023-02-28,82.5700
2023-03-01,82.4300
2023-03-02,82.4100
2023-03-03,81.9800
2023-03-06,81.7700
2023-03-07,81.9300
2023-03-08,81.8600
2023-03-09,82.0200
2023-03-10,81.9300
2023-03-13,82.1900
2023-03-14,82.2500
2023-03-15,82.8400
2023-03-16,82.6300
2023-03-17,82.5600
2023-03-20,82.5500
2023-03-21,82.5900
2023-03-22,82.6600
2023-03-23,82.0700
2023-03-24,82.3400
2023-03-27,82.2400
2023-03-28,82.1700
2023-03-29,82.1800
2023-03-30,82.3400
2023-03-31,82.1900
2023-04-03,82.2400
2023-04-04,82.3300
2023-04-05,81.8900
2023-04-06,81.8600
2023-04-07,81.8500
2023-04-10,82.0100
2023-04-11,82.0400
2023-04-12,81.9800
2023-04-13,81.6500
2023-04-14,81.8800
2023-04-17,81.9800
2023-04-18,82.0800
2023-04-19,82.1800
2023-04-20,82.1000
2023-04-21,82.0600
2023-04-24,81.9000
2023-04-25,81.9200
2023-04-26,81.7400
2023-04-27,81.8400
2023-04-28,81.8400
2023-05-01,81.8400
2023-05-02,81.8900
2023-05-03,81.8300
2023-05-04,81.7300
2023-05-05,81.8100
2023-05-08,81.7800
2023-05-09,82.0400
2023-05-10,81.9400
2023-05-11,82.1300
2023-05-12,82.1700
2023-05-15,82.3000
2023-05-16,82.2600
2023-05-17,82.3900
2023-05-18,82.7700
2023-05-19,82.6500
2023-05-22,82.8300
2023-05-23,82.8400
2023-05-24,82.6600
2023-05-25,82.7600
2023-05-26,82.5800
2023-05-29,
2023-05-30,82.6700
2023-05-31,82.6800
2023-06-01,82.4100
2023-06-02,82.3500
2023-06-05,82.6700
2023-06-06,82.6100
2023-06-07,82.5000
2023-06-08,82.5700
2023-06-09,82.4600
2023-06-12,82.4300
2023-06-13,82.3800
2023-06-14,82.1000
2023-06-15,82.1800
2023-06-16,81.8900
2023-06-19,
2023-06-20,82.1100
2023-06-21,82.0400
2023-06-22,81.9300
2023-06-23,82.0100
2023-06-26,82.0000
2023-06-27,81.9800
2023-06-28,82.0000
2023-06-29,82.0500
2023-06-30,82.0600
2023-07-03,81.9600
2023-07-04,
2023-07-05,82.3400
2023-07-06,82.4900
2023-07-07,82.7400
2023-07-10,82.5700
2023-07-11,82.3900
2023-07-12,82.0300
2023-07-13,82.0400
2023-07-14,82.1600
2023-07-17,82.0300
2023-07-18,82.0300
2023-07-19,82.0900
2023-07-20,81.9900
2023-07-21,81.9900
2023-07-24,81.8100
2023-07-25,81.8700
2023-07-26,81.9900
2023-07-27,82.1500
2023-07-28,82.2200
2023-07-31,82.2400
2023-08-01,82.2500
2023-08-02,82.5800
2023-08-03,82.7400
2023-08-04,82.8300
2023-08-07,82.7500
2023-08-08,82.8500
2023-08-09,82.8400
2023-08-10,82.6900
2023-08-11,82.8700
2023-08-14,83.1700
2023-08-15,82.9400
2023-08-16,83.1900
2023-08-17,83.0900
2023-08-18,83.1400
2023-08-21,83.1000
2023-08-22,82.9400
2023-08-23,82.6900
2023-08-24,82.5700
2023-08-25,82.6400
2023-08-28,82.6000
2023-08-29,82.7000
2023-08-30,82.7300
2023-08-31,82.7800
2023-09-01,82.6900
2023-09-04,
2023-09-05,83.0300
2023-09-06,83.1400
2023-09-07,83.2100
2023-09-08,82.9300
2023-09-11,83.0300
2023-09-12,82.8600
2023-09-13,82.9300
2023-09-14,83.0200
2023-09-15,83.1500
2023-09-18,83.2700
2023-09-19,83.2700
2023-09-20,83.0700
2023-09-21,83.1100
2023-09-22,82.9500
2023-09-25,83.1100
2023-09-26,83.2400
2023-09-27,83.1800
2023-09-28,83.1300
2023-09-29,83.0800
2023-10-02,83.0400
2023-10-03,83.2200
2023-10-04,83.2500
2023-10-05,83.2400
2023-10-06,83.2500
2023-10-09,
2023-10-10,83.2500
2023-10-11,83.1800
2023-10-12,83.2800
2023-10-13,83.2600
2023-10-16,83.2800
2023-10-17,83.2200
2023-10-18,83.2500
2023-10-19,83.1000
2023-10-20,83.1400
2023-10-23,83.1900
2023-10-24,83.1900
2023-10-25,83.1800
2023-10-26,83.2400
2023-10-27,83.2700
2023-10-30,83.2500
2023-10-31,83.2600
2023-11-01,83.2400
2023-11-02,83.2200
2023-11-03,83.1400
2023-11-06,83.1900
2023-11-07,83.2200
2023-11-08,83.2800
2023-11-09,83.2500
2023-11-10,
2023-11-13,83.3200
2023-11-14,83.3200
2023-11-15,83.1100
2023-11-16,83.2200
2023-11-17,83.2500
2023-11-20,83.3300
2023-11-21,83.2600
2023-11-22,83.2900
2023-11-23,
2023-11-24,83.3400
2023-11-27,83.3400
2023-11-28,83.3300
2023-11-29,83.3100
2023-11-30,83.3600
2023-12-01,83.2700
2023-12-04,83.4000
2023-12-05,83.3300
2023-12-06,83.3200
2023-12-07,83.3200
2023-12-08,83.3800
2023-12-11,83.3800
2023-12-12,83.3700
2023-12-13,83.4000
2023-12-14,83.2800
2023-12-15,83.0200
2023-12-18,83.0400
2023-12-19,83.1800
2023-12-20,83.1400
2023-12-21,83.2700
2023-12-22,83.1200
2023-12-25,
2023-12-26,83.1700
2023-12-27,83.3500
2023-12-28,83.1500
2023-12-29,83.1900
2024-01-01,
2024-01-02,83.3100
2024-01-03,83.3000
2024-01-04,83.2100
2024-01-05,83.1600
2024-01-08,83.1300
2024-01-09,83.0900
2024-01-10,83.0100
2024-01-11,83.0300
2024-01-12,82.9200
2024-01-15,
2024-01-16,83.0500
2024-01-17,83.1400
2024-01-18,83.1500
2024-01-19,83.0900
2024-01-22,83.0800
2024-01-23,83.1500
2024-01-24,83.0900
2024-01-25,83.0800
2024-01-26,83.1100
2024-01-29,83.1200
2024-01-30,83.1100
2024-01-31,83.0200
2024-02-01,82.9500
2024-02-02,82.9200
2024-02-05,83.0400
2024-02-06,83.0300
2024-02-07,82.9700
2024-02-08,82.9700
2024-02-09,83.0000
2024-02-12,82.9500
2024-02-13,83.0600
2024-02-14,83.0200
2024-02-15,83.0000
2024-02-16,83.0200
2024-02-19,
2024-02-20,82.8800
2024-02-21,82.9600
2024-02-22,82.8600
2024-02-23,82.8600
2024-02-26,82.8500
2024-02-27,82.8800
2024-02-28,82.8800
2024-02-29,82.8700
2024-03-01,82.9100
2024-03-04,82.8800
2024-03-05,82.8600
2024-03-06,82.7800
2024-03-07,82.7800
2024-03-08,82.7300
2024-03-11,82.7200
2024-03-12,82.7700
2024-03-13,82.8100
2024-03-14,82.8200
2024-03-15,82.8600
2024-03-18,82.8900
2024-03-19,83.0100
2024-03-20,83.1800
2024-03-21,83.1500
2024-03-22,83.5300
2024-03-25,83.4200
2024-03-26,83.3200
2024-03-27,83.3400
2024-03-28,83.3500
2024-03-29,83.3400
2024-04-01,83.3600
2024-04-02,83.3200
2024-04-03,83.4300
2024-04-04,83.4400
2024-04-05,83.2900
2024-04-08,83.2500
2024-04-09,83.1800
2024-04-10,83.3700
2024-04-11,83.1900
2024-04-12,83.5900
2024-04-15,83.4800
2024-04-16,83.5400
2024-04-17,83.5400
2024-04-18,83.5300
2024-04-19,83.4600
2024-04-22,83.4700
2024-04-23,83.3600
2024-04-24,83.3400
2024-04-25,83.3100
2024-04-26,83.3800
2024-04-29,83.4600
2024-04-30,83.4400
2024-05-01,83.4500
2024-05-02,83.4400
2024-05-03,83.4300
2024-05-06,83.4800
2024-05-07,83.5100
2024-05-08,83.4500
2024-05-09,83.5100
2024-05-10,83.5400
2024-05-13,83.4800
2024-05-14,83.5000
2024-05-15,83.4600
2024-05-16,83.4600
2024-05-17,83.3400
2024-05-20,83.3400
2024-05-21,83.3100
2024-05-22,83.2600
2024-05-23,83.2700
2024-05-24,83.0900
2024-05-27,
2024-05-28,83.1600
2024-05-29,83.3300
2024-05-30,83.2800
2024-05-31,83.4300
2024-06-03,83.1400
2024-06-04,83.5200
2024-06-05,83.3700
2024-06-06,83.4700
2024-06-07,83.3800
2024-06-10,83.5000
2024-06-11,83.5000
2024-06-12,83.5700
2024-06-13,83.5200
2024-06-14,83.5400
2024-06-17,83.5200
2024-06-18,83.4200
2024-06-19,
2024-06-20,83.6200
2024-06-21,83.5300
2024-06-24,83.4200
2024-06-25,83.4000
2024-06-26,83.5500
2024-06-27,83.4400
2024-06-28,83.3300
2024-07-01,83.4400
2024-07-02,83.5000
2024-07-03,83.4800
2024-07-04,
2024-07-05,83.4700
2024-07-08,83.4500
2024-07-09,83.4700
2024-07-10,83.5000
2024-07-11,83.5700
2024-07-12,83.4800
2024-07-15,83.5500
2024-07-16,83.6000
2024-07-17,83.5500
2024-07-18,83.5800
2024-07-19,83.7000
2024-07-22,83.6500
2024-07-23,83.6800
2024-07-24,83.7200
2024-07-25,83.7000
2024-07-26,83.7000
2024-07-29,83.7500
2024-07-30,83.7000
2024-07-31,83.7300
2024-08-01,83.7000
2024-08-02,83.7900
2024-08-05,83.8300
2024-08-06,83.9100
2024-08-07,83.9600
2024-08-08,83.9500
2024-08-09,83.9200
2024-08-12,83.9200
2024-08-13,83.9700
2024-08-14,83.9100
2024-08-15,83.9400
2024-08-16,83.9500
2024-08-19,83.8200
2024-08-20,83.7900
2024-08-21,83.9300
2024-08-22,83.9300
2024-08-23,83.9100
2024-08-26,83.8700
2024-08-27,83.9100
2024-08-28,83.9000
2024-08-29,83.8400
2024-08-30,83.8300
2024-09-02,
2024-09-03,83.9400
2024-09-04,83.9500
2024-09-05,83.9600
2024-09-06,83.9100
2024-09-09,83.9300
2024-09-10,83.9500
2024-09-11,83.9500
2024-09-12,83.9200
2024-09-13,83.8800
2024-09-16,83.8900
2024-09-17,83.7500
2024-09-18,83.7500
2024-09-19,83.6800
2024-09-20,83.5700
2024-09-23,83.5300
2024-09-24,83.6600
2024-09-25,83.5600
2024-09-26,83.6000
2024-09-27,83.6800
2024-09-30,83.7600
2024-10-01,83.8100
2024-10-02,83.8100
2024-10-03,84.0000
2024-10-04,83.9900
2024-10-07,83.9600
2024-10-08,83.9500
2024-10-09,83.9300
2024-10-10,83.9400
2024-10-11,84.0800
2024-10-14,
2024-10-15,84.0400
2024-10-16,84.0100
2024-10-17,84.0400
2024-10-18,84.0300
2024-10-21,84.0700
2024-10-22,84.0600
2024-10-23,84.0600
2024-10-24,84.0500
2024-10-25,84.0600
2024-10-28,84.0500
2024-10-29,84.0400
2024-10-30,84.0700
2024-10-31,84.0600
2024-11-01,84.0300
2024-11-04,84.1100
2024-11-05,84.1000
2024-11-06,84.3100
2024-11-07,84.3700
2024-11-08,84.3400
2024-11-11,
2024-11-12,84.3800
2024-11-13,84.3900
2024-11-14,84.4200
2024-11-15,84.4100
2024-11-18,84.3700
2024-11-19,84.3600
2024-11-20,84.4100
2024-11-21,84.4800
2024-11-22,84.4400
2024-11-25,84.2400
2024-11-26,84.2700
2024-11-27,84.4100
2024-11-28,
2024-11-29,84.4800
2024-12-02,84.7400
2024-12-03,84.6800
2024-12-04,84.6900
2024-12-05,84.6800
2024-12-06,84.6700
2024-12-09,84.7200
2024-12-10,84.8400
2024-12-11,84.8000
2024-12-12,84.8400
2024-12-13,84.7800
2024-12-16,84.8900
2024-12-17,84.9100
2024-12-18,84.9500
2024-12-19,85.0900
2024-12-20,85.0200
2024-12-23,85.1000
2024-12-24,85.1400
2024-12-25,
2024-12-26,85.2500
2024-12-27,85.5300
2024-12-30,85.4700
2024-12-31,85.5500
2025-01-01,
2025-01-02,85.7500
2025-01-03,85.7500
2025-01-06,85.7000
2025-01-07,85.7400
2025-01-08,85.8900
2025-01-09,85.8700
2025-01-10,85.9600
2025-01-13,86.6900
2025-01-14,86.6300
2025-01-15,86.3700
2025-01-16,86.5700
2025-01-17,86.5500
2025-01-20,
2025-01-21,86.5800
2025-01-22,86.3400
2025-01-23,86.4200
2025-01-24,86.2000
2025-01-27,86.3400
2025-01-28,86.5200
2025-01-29,86.6100
2025-01-30,86.5500
2025-01-31,86.5400
2025-02-03,87.1900
2025-02-04,87.0600
2025-02-05,87.0800
2025-02-06,87.5700
2025-02-07,87.4300
2025-02-10,87.4500
2025-02-11,86.7600
2025-02-12,86.9000
2025-02-13,86.8900
2025-02-14,86.8200
2025-02-17,
2025-02-18,86.9600
2025-02-19,86.9600
2025-02-20,86.6500
2025-02-21,86.7000
2025-02-24,86.7200
2025-02-25,87.2000
2025-02-26,87.2000
2025-02-27,87.1700
2025-02-28,87.5000
2025-03-03,87.3500
2025-03-04,87.2600
2025-03-05,86.9500
2025-03-06,87.1100
2025-03-07,86.8800
2025-03-10,87.2700
2025-03-11,87.1600
2025-03-12,87.1600
2025-03-13,87.0000
2025-03-14,87.0000
2025-03-17,86.7900
2025-03-18,86.5000
2025-03-19,86.4300
2025-03-20,86.3100
2025-03-21,86.0100
2025-03-24,85.5600
2025-03-25,85.7700
2025-03-26,85.7100
2025-03-27,85.7900
2025-03-28,85.5100
2025-03-31,85.4300
2025-04-01,85.4600
2025-04-02,85.5200
2025-04-03,85.4400
2025-04-04,85.2400
2025-04-07,85.8500
2025-04-08,86.2400
2025-04-09,86.6400
2025-04-10,86.6900
2025-04-11,86.0600
2025-04-14,86.0200
2025-04-15,85.7600
2025-04-16,85.6700
2025-04-17,85.3700
2025-04-18,85.4300
2025-04-21,85.1800
2025-04-22,85.1900
2025-04-23,85.4200
2025-04-24,85.3000
2025-04-25,85.4300
2025-04-28,85.0200
2025-04-29,85.2700
2025-04-30,84.4900
2025-05-01,84.5800
2025-05-02,84.5000
2025-05-05,84.2700
2025-05-06,84.4500
2025-05-07,84.8200
2025-05-08,85.6700
2025-05-09,85.3800
2025-05-12,85.3800
2025-05-13,85.3500
2025-05-14,85.2900
2025-05-15,85.5200
2025-05-16,85.4900
2025-05-19,85.3700
2025-05-20,85.6300
2025-05-21,85.6500
2025-05-22,85.9700
2025-05-23,85.1700
2025-05-26,
2025-05-27,85.3000
2025-05-28,85.3900
2025-05-29,85.4900
2025-05-30,85.5000
2025-06-02,85.3300
2025-06-03,85.5900
2025-06-04,85.8500
2025-06-05,85.8000
2025-06-06,85.6600
2025-06-09,85.6400
2025-06-10,85.5700
2025-06-11,85.5100
2025-06-12,85.5500
2025-06-13,86.0800
2025-06-16,86.0500
2025-06-17,86.2900
2025-06-18,86.4900
2025-06-19,
2025-06-20,86.5800
2025-06-23,86.7300
2025-06-24,85.9200
2025-06-25,86.0400
2025-06-26,85.6600
2025-06-27,85.4500
2025-06-30,85.7400
2025-07-01,85.5800
2025-07-02,85.7000
2025-07-03,85.3000
2025-07-04,
2025-07-07,85.8600
2025-07-08,85.7500
2025-07-09,85.6900
2025-07-10,85.6500
2025-07-11,85.8000
2025-07-14,85.9900
2025-07-15,85.8200
2025-07-16,85.9600
2025-07-17,86.0800
2025-07-18,86.1000
2025-07-21,86.3000
2025-07-22,86.3700
2025-07-23,86.4100
2025-07-24,86.3900
2025-07-25,86.4800
2025-07-28,86.6700
2025-07-29,86.8300
2025-07-30,87.4400
2025-07-31,87.6000
2025-08-01,87.5400
2025-08-04,87.6300
2025-08-05,87.8000
2025-08-06,87.7100
2025-08-07,87.7100
2025-08-08,87.6700
2025-08-11,87.6300
2025-08-12,87.7100
2025-08-13,87.4800
2025-08-14,87.5600
2025-08-15,87.5600
2025-08-18,87.3000
2025-08-19,87.0200
2025-08-20,87.0200
2025-08-21,87.3100
2025-08-22,87.5300
2025-08-25,87.5500
2025-08-26,87.6800
2025-08-27,87.7400
2025-08-28,87.6300
2025-08-29,88.1800
2025-09-01,
2025-09-02,88.1500
2025-09-03,88.0600
2025-09-04,88.1700
2025-09-05,88.2500
2025-09-08,88.2500
2025-09-09,88.1200
2025-09-10,88.0900
2025-09-11,88.4400
2025-09-12,88.2800
2025-09-15,88.2200
2025-09-16,88.0500
2025-09-17,87.7700
2025-09-18,88.1700
2025-09-19,88.0600
2025-09-22,88.2900
2025-09-23,88.7600
2025-09-24,88.7300
2025-09-25,88.7000
2025-09-26,88.6500
2025-09-29,88.7600
2025-09-30,88.7800
2025-10-01,88.6900
2025-10-02,88.7400
2025-10-03,88.7800
2025-10-06,88.7900
2025-10-07,88.7200
2025-10-08,88.7700
2025-10-09,88.8400
2025-10-10,88.7200
2025-10-13,
2025-10-14,88.7600
2025-10-15,87.9800
2025-10-16,87.8100
2025-10-17,87.9900
2025-10-20,87.9200
2025-10-21,87.9700
2025-10-22,87.9200
2025-10-23,87.8500
2025-10-24,87.8300
2025-10-27,88.2400
2025-10-28,88.2100
2025-10-29,88.2000
2025-10-30,88.6400
2025-10-31,88.7500
2025-11-03,88.7800
2025-11-04,88.6700
2025-11-05,88.6600
2025-11-06,88.6500
2025-11-07,88.6800
2025-11-10,88.7000
2025-11-11,
2025-11-12,88.5800
2025-11-13,88.6600
2025-11-14,88.7400
2025-11-17,88.5800
2025-11-18,88.6000
2025-11-19,88.5800
2025-11-20,88.6900
2025-11-21,89.5400
2025-11-24,89.2300
2025-11-25,89.1600
2025-11-26,89.2700
2025-11-27,
2025-11-28,89.4300
2025-12-01,89.5900
2025-12-02,89.9200
2025-12-03,90.1500
2025-12-04,89.9700
2025-12-05,89.9700
2025-12-08,90.1200
2025-12-09,89.9000
2025-12-10,89.9800
2025-12-11,90.3500
2025-12-12,90.4100
2025-12-15,90.7000
2025-12-16,91.0300
2025-12-17,90.4000
2025-12-18,90.2500
2025-12-19,89.5400
2025-12-22,89.6400
2025-12-23,89.6700
2025-12-24,89.8100
2025-12-25,
2025-12-26,89.7800
2025-12-29,89.9700
2025-12-30,89.7800
2025-12-31,89.8400
2026-01-01,
2026-01-02,90.1900
2026-01-05,90.2800
2026-01-06,90.1800
2026-01-07,89.9000
2026-01-08,90.0200
2026-01-09,90.1600
2026-01-12,90.1200
2026-01-13,90.1900
2026-01-14,90.2400
2026-01-15,90.2600
2026-01-16,90.8700
2026-01-19,
2026-01-20,91.0100
2026-01-21,91.6800
2026-01-22,91.6200
2026-01-23,91.9500
2026-01-26,91.9500
2026-01-27,91.7200
2026-01-28,91.7800
2026-01-29,91.9500
2026-01-30,91.9800
2026-02-02,91.5100
2026-02-03,90.3000
2026-02-04,90.3600
2026-02-05,90.3300
2026-02-06,90.6500
2026-02-09,90.7700
2026-02-10,90.5700
2026-02-11,90.6900
2026-02-12,90.6300
2026-02-13,90.6400
2026-02-16,
2026-02-17,90.6300
2026-02-18,90.7000
2026-02-19,90.6800
2026-02-20,90.9800
2026-02-23,90.8800
2026-02-24,90.9500
2026-02-25,90.9500
2026-02-26,90.9200
2026-02-27,91.0300
2026-03-02,91.4700
2026-03-03,91.4700
2026-03-04,92.0800
2026-03-05,91.5800
2026-03-06,91.7300
2026-03-09,92.3100
2026-03-10,91.8500
2026-03-11,92.0300
2026-03-12,92.1800
2026-03-13,92.4700
2026-03-16,92.4200
2026-03-17,92.3600
2026-03-18,92.8700
2026-03-19,92.6200
2026-03-20,93.7300
2026-03-23,93.9600
2026-03-24,93.8600
2026-03-25,93.9700
2026-03-26,93.9700
2026-03-27,94.8300
2026-03-30,94.4100
2026-03-31,93.8300
2026-04-01,93.2100
2026-04-02,93.0900
2026-04-03,93.0900
2026-04-06,93.0600
2026-04-07,92.9600
2026-04-08,92.2500
2026-04-09,92.6900
2026-04-10,92.7200
2026-04-13,93.3900
2026-04-14,93.3700
2026-04-15,93.3700
2026-04-16,93.2000
2026-04-17,92.9000
2026-04-20,93.1300
2026-04-21,93.5000
2026-04-22,93.7900
2026-04-23,94.1100
2026-04-24,94.2500
2026-04-27,94.1900
2026-04-28,94.5400
2026-04-29,94.8500
2026-04-30,94.9100
2026-05-01,94.9000
2026-05-04,95.0900
2026-05-05,95.3200
2026-05-06,94.6100
2026-05-07,94.2500
2026-05-08,94.4900
2026-05-11,95.3100
2026-05-12,95.6300
2026-05-13,95.6900
2026-05-14,95.7600
2026-05-15,95.9700
2026-05-18,96.3500
2026-05-19,96.5300
2026-05-20,96.8200
2026-05-21,96.2000
2026-05-22,95.6900
2026-05-25,
2026-05-26,95.6800
2026-05-27,95.6900
2026-05-28,95.6900
2026-05-29,95.0000
2026-06-01,94.9900
2026-06-02,95.2700
2026-06-03,95.7100
2026-06-04,95.7900
2026-06-05,94.9500
2026-06-08,95.7100
2026-06-09,95.3500
2026-06-10,95.2700
2026-06-11,95.7600
2026-06-12,95.1100
2026-06-15,94.7100
2026-06-16,94.6200
2026-06-17,94.5300
2026-06-18,94.3300
2026-06-19,
2026-06-22,94.6800
2026-06-23,94.7400
2026-06-24,94.6700
2026-06-25,94.4000
2026-06-26,94.3700
2026-06-29,94.5400
2026-06-30,94.6600
2026-07-01,95.2500
2026-07-02,95.3900
2026-07-03,
2026-07-06,95.4000
2026-07-07,94.9700
2026-07-08,95.5600
2026-07-09,95.3900
2026-07-10,95.3300
2026-07-13,95.6200
2026-07-14,96.2000
2026-07-15,96.2600
2026-07-16,96.3500
2026-07-17,96.2800
2026-07-20,96.4500
2026-07-21,96.2400
2026-07-22,96.5700
2026-07-23,96.5700
2026-07-24,96.5600
2026-07-27,95.9100
2026-07-28,95.8500
2026-07-29,95.6500
2026-07-30,95.6800
2026-07-31,95.3800
