observation_date,NAEXKP01USQ657S
1947-04-01,-0.265224347500000
1947-07-01,-0.204879239100000
1947-10-01,1.565986917100000
1948-01-01,1.506037720900000
1948-04-01,1.652377420500000
1948-07-01,0.574518295000000
1948-10-01,0.113286571300000
1949-01-01,-1.376613851500000
1949-04-01,-0.339657509700000
1949-07-01,1.033940327800000
1949-10-01,-0.837805191400000
1950-01-01,3.931686257500000
1950-04-01,3.050930411400000
1950-07-01,3.865065823100000
1950-10-01,1.914956850800000
1951-01-01,1.357955999200000
1951-04-01,1.732134703400000
1951-07-01,2.059988609800000
1951-10-01,0.218954118800000
1952-01-01,1.066926098100000
1952-04-01,0.214299732800000
1952-07-01,0.721230533300000
1952-10-01,3.283945625900000
1953-01-01,1.859039980900000
1953-04-01,0.773091476900000
1953-07-01,-0.562515965900000
1953-10-01,-1.513718698000000
1954-01-01,-0.477570483200000
1954-04-01,0.109412627600000
1954-07-01,1.129689433700000
1954-10-01,1.956964183300000
1955-01-01,2.856596022900000
1955-04-01,1.627545006500000
1955-07-01,1.350821345000000
1955-10-01,0.600666115800000
1956-01-01,-0.388042676000000
1956-04-01,0.826576206000000
1956-07-01,-0.089703377600000
1956-10-01,1.645911282800000
1957-01-01,0.640267815400000
1957-04-01,-0.219140177000000
1957-07-01,0.979921815800000
1957-10-01,-1.034538369600000
1958-01-01,-2.595903597500000
1958-04-01,0.656898813500000
1958-07-01,2.313111111500000
1958-10-01,2.338229937500000
1959-01-01,1.918406396600000
1959-04-01,2.253433614500000
1959-07-01,0.069726718000000
1959-10-01,0.284980707200000
1960-01-01,2.248627238400000
1960-04-01,-0.538357279800000
1960-07-01,0.489931257800000
1960-10-01,-1.283131175600000
1961-01-01,0.675017971500000
1961-04-01,1.697854679300000
1961-07-01,1.920365804200000
1961-10-01,1.961669659900000
1962-01-01,1.783663123200000
1962-04-01,0.904754397800000
1962-07-01,1.229566693900000
1962-10-01,0.329401868400000
1963-01-01,1.092090416600000
1963-04-01,1.122414373400000
1963-07-01,2.198830939800000
1963-10-01,0.655904739300000
1964-01-01,2.108713639600000
1964-04-01,1.089068351300000
1964-07-01,1.562601659700000
1964-10-01,0.309191080900000
1965-01-01,2.419908084800000
1965-04-01,1.263470833500000
1965-07-01,2.223160525900000
1965-10-01,2.303901674000000
1966-01-01,2.433835314100000
1966-04-01,0.341470479300000
1966-07-01,0.846832567800000
1966-10-01,0.820403432700000
1967-01-01,0.885793274500000
1967-04-01,0.061351482600000
1967-07-01,0.946076054700000
1967-10-01,0.753853304100000
1968-01-01,2.039271046200000
1968-04-01,1.670372977200000
1968-07-01,0.774518579700000
1968-10-01,0.392774080700000
1969-01-01,1.564430668200000
1969-04-01,0.303353969900000
1969-07-01,0.659952338600000
1969-10-01,-0.488209049300000
1970-01-01,-0.148891683500000
1970-04-01,0.141718378700000
1970-07-01,0.921467409200000
1970-10-01,-1.071573193600000
1971-01-01,2.716149236400000
1971-04-01,0.540816711400000
1971-07-01,0.822446807300000
1971-10-01,0.234864653800000
1972-01-01,1.837215893200000
1972-04-01,2.269287516900000
1972-07-01,0.944089624500000
1972-10-01,1.674435854300000
1973-01-01,2.474941735900000
1973-04-01,1.088743443900000
1973-07-01,-0.525838341500000
1973-10-01,0.949230816200000
1974-01-01,-0.859705245100000
1974-04-01,0.237697024400000
1974-07-01,-0.945277383300000
1974-10-01,-0.388405794100000
1975-01-01,-1.217634329800000
1975-04-01,0.714701223000000
1975-07-01,1.712044591700000
1975-10-01,1.347092892500000
1976-01-01,2.249467624100000
1976-04-01,0.733374034700000
1976-07-01,0.547407606100000
1976-10-01,0.722603568200000
1977-01-01,1.186233130200000
1977-04-01,1.941923510500000
1977-07-01,1.803164991900000
1977-10-01,0.001992753200000
1978-01-01,0.319842149200000
1978-04-01,3.864772708400000
1978-07-01,1.005748723500000
1978-10-01,1.344125452900000
1979-01-01,0.179593804300000
1979-04-01,0.106745287600000
1979-07-01,0.742804670400000
1979-10-01,0.250045203100000
1980-01-01,0.314571130700000
1980-04-01,-2.060434865500000
1980-07-01,-0.118854747700000
1980-10-01,1.864923325500000
1981-01-01,1.959422197500000
1981-04-01,-0.741075687500000
1981-07-01,1.197502082600000
1981-10-01,-1.089596749400000
1982-01-01,-1.553644629700000
1982-04-01,0.456177115100000
1982-07-01,-0.382266853900000
1982-10-01,0.040008797100000
1983-01-01,1.317790436400000
1983-04-01,2.275520248100000
1983-07-01,1.998954600300000
1983-10-01,2.086182623000000
1984-01-01,1.954790325100000
1984-04-01,1.727761610100000
1984-07-01,0.964010052300000
1984-10-01,0.820772948700000
1985-01-01,0.968979207300000
1985-04-01,0.880473594800000
1985-07-01,1.527271406500000
1985-10-01,0.743449143400000
1986-01-01,0.933747646600000
1986-04-01,0.450296346200000
1986-07-01,0.956668021100000
1986-10-01,0.536392887700000
1987-01-01,0.741844937400000
1987-04-01,1.078177657200000
1987-07-01,0.867178009000000
1987-10-01,1.716956854100000
1988-01-01,0.516882548500000
1988-04-01,1.314032287600000
1988-07-01,0.585969648500000
1988-10-01,1.332456057100000
1989-01-01,1.016394933700000
1989-04-01,0.763099671000000
1989-07-01,0.740735609500000
1989-10-01,0.196981053900000
1990-01-01,1.092882053800000
1990-04-01,0.362970024700000
1990-07-01,0.066581690500000
1990-10-01,-0.910404571700000
1991-01-01,-0.467940618000000
1991-04-01,0.779689054300000
1991-07-01,0.505358677700000
1991-10-01,0.348544832800000
1992-01-01,1.197252222200000
1992-04-01,1.084303260900000
1992-07-01,0.988110188600000
1992-10-01,1.042855616900000
1993-01-01,0.166943716100000
1993-04-01,0.582170937700000
1993-07-01,0.477154823500000
1993-10-01,1.360149302700000
1994-01-01,0.970362984500000
1994-04-01,1.355182632700000
1994-07-01,0.584584554800000
1994-10-01,1.145570164300000
1995-01-01,0.354780505300000
1995-04-01,0.298322843900000
1995-07-01,0.850725490800000
1995-10-01,0.679082067500000
1996-01-01,0.749050114300000
1996-04-01,1.667944103600000
1996-07-01,0.897033754900000
1996-10-01,1.038369523300000
1997-01-01,0.645443191300000
1997-04-01,1.665217836800000
1997-07-01,1.248568969500000
1997-10-01,0.853860268000000
1998-01-01,1.003753135200000
1998-04-01,0.925687873300000
1998-07-01,1.258940270700000
1998-10-01,1.609196583500000
1999-01-01,0.939433756800000
1999-04-01,0.834742880100000
1999-07-01,1.325883242500000
1999-10-01,1.640667076300000
2000-01-01,0.362793408600000
2000-04-01,1.821287816900000
2000-07-01,0.101932584000000
2000-10-01,0.597038796200000
2001-01-01,-0.327798819700000
2001-04-01,0.624502942300000
2001-07-01,-0.400639204400000
2001-10-01,0.274775452600000
2002-01-01,0.836358651800000
2002-04-01,0.612706595600000
2002-07-01,0.406511433500000
2002-10-01,0.123605045500000
2003-01-01,0.526641972900000
2003-04-01,0.885621682700000
2003-07-01,1.663199954000000
2003-10-01,1.160721397300000
2004-01-01,0.566651459200000
2004-04-01,0.774952326000000
2004-07-01,0.948593899300000
2004-10-01,1.020208121300000
2005-01-01,1.109363344300000
2005-04-01,0.492624468800000
2005-07-01,0.783814021500000
2005-10-01,0.555516546000000
2006-01-01,1.345383765700000
2006-04-01,0.258752761100000
2006-07-01,0.149955931900000
2006-10-01,0.859449795000000
2007-01-01,0.300835660700000
2007-04-01,0.611761969100000
2007-07-01,0.576025793700000
2007-10-01,0.628236733300000
2008-01-01,-0.426764327600000
2008-04-01,0.595428256900000
2008-07-01,-0.525258031800000
2008-10-01,-2.189026613800000
2009-01-01,-1.134874280000000
2009-04-01,-0.178650957900000
2009-07-01,0.351192390100000
2009-10-01,1.080913657600000
2010-01-01,0.484500957700000
2010-04-01,0.967586111900000
2010-07-01,0.771084933700000
2010-10-01,0.525110257400000
2011-01-01,-0.237204894000000
2011-04-01,0.676582290400000
2011-07-01,-0.022312734100000
2011-10-01,1.123049052900000
2012-01-01,0.838590830900000
2012-04-01,0.446334746000000
2012-07-01,0.144027992800000
2012-10-01,0.115640545800000
2013-01-01,0.986560669500000
2013-04-01,0.267636340100000
2013-07-01,0.851393554800000
2013-10-01,0.871741760000000
2014-01-01,-0.345095978800000
2014-04-01,1.291842126400000
2014-07-01,1.215391410600000
2014-10-01,0.505733135700000
2015-01-01,0.900484979300000
2015-04-01,0.619405082500000
2015-07-01,0.400245059900000
2015-10-01,0.184479132600000
2016-01-01,0.579519404500000
2016-04-01,0.321124063500000
2016-07-01,0.709390260700000
2016-10-01,0.554299116700000
2017-01-01,0.486890200200000
2017-04-01,0.559872567300000
2017-07-01,0.788524127900000
2017-10-01,1.127046631600000
2018-01-01,0.813409793900000
2018-04-01,0.530825143700000
2018-07-01,0.623697424000000
2018-10-01,0.141644220000000
2019-01-01,0.624318081500000
2019-04-01,0.835145841600000
2019-07-01,1.170001862200000
2019-10-01,0.681877858500000
2020-01-01,-1.316321663900000
2020-04-01,-7.876784497300000
2020-07-01,7.762279172000000
2020-10-01,1.133515116500000
2021-01-01,1.395816455500000
2021-04-01,1.701891282700000
2021-07-01,0.825052863400000
2021-10-01,1.715755170000000
2022-01-01,-0.254798627500000
2022-04-01,0.156547001400000
2022-07-01,0.721899547200000
2022-10-01,0.690240398000000
2023-01-01,0.723850894000000
2023-04-01,0.627871950000000
2023-07-01,1.153606050300000
2023-10-01,0.844057145100000
2024-01-01,0.209861342500000
2024-04-01,0.885486292300000
2024-07-01,0.824778026400000
2024-10-01,0.459874680400000
2025-01-01,-0.162516407100000
2025-04-01,0.945999719600000
2025-07-01,1.076346218900000
2025-10-01,0.120344600400000
2026-01-01,0.518254492928838
2026-04-01,0.372946391045037
